Workbook

Sheet Mode d'emploi
B2: GRILLE D'AUTO-ÉVALUATION
B3: Référentiel unifié des structures de services à la personne
B4: Croisement HAS + AFNOR NF X50-056 / NF 311 + Cap'Handéo SAP V3
B7: OBJET
B8: Cette grille permet à une structure de services à la personne de réaliser une auto-évaluation complète selon le référentiel unifié croisant les trois cahiers des charges nationaux : HAS (obligatoire), AFNOR NF X50-056 / NF 311 et Cap'Handéo SAP V3.
B11: SYSTÈME DE COTATION (inspiré HAS)
B12: A — Atteint à un niveau avancé | C12: L'exigence est satisfaite et déployée de manière exemplaire (bonnes pratiques formalisées, amélioration continue mesurée).
B13: B — Atteint | C13: L'exigence est satisfaite : pratiques effectives, traçabilité présente, résultats conformes aux attendus.
B14: C — Partiellement atteint | C14: L'exigence est partiellement satisfaite : démarche engagée mais incomplète, ou non systématique.
B15: D — Non atteint | C15: L'exigence n'est pas satisfaite : absence de pratique, de procédure, ou de traçabilité.
B16: NA — Non applicable | C16: L'exigence ne concerne pas la structure (à justifier en commentaire).
B18: ORIGINE DES EXIGENCES (BADGES)
B19: HAS | C19: Référentiel national HAS (mars 2022). Obligatoire pour tous les ESSMS — 3 chapitres, 9 thématiques, 42 objectifs, 157 critères dont 18 impératifs.
B20: AFNOR | C20: Norme AFNOR NF X50-056 + règles de certification NF 311 V10.1. Certification volontaire reconnue par arrêté ministériel.
B21: Cap'H. | C21: Référentiel Cap'Handéo Services à la personne V3. Certification volontaire supra-réglementaire spécialisée handicap et perte d'autonomie.
B23: NIVEAUX D'EXIGENCE
B24: S | C24: Standard : niveau attendu de qualité (réf. HAS) ou engagement de service de base.
B25: I | C25: Impératif : exigence HAS dont la non-satisfaction implique un plan d'action immédiat (PRIORITAIRE).
B26: + | C26: Supra-réglementaire : exigence Cap'Handéo allant au-delà du cadre légal.
B28: MODE OPÉRATOIRE
B29: 1. | C29: Ouvrir l'onglet « Grille d'évaluation ».
B30: 2. | C30: Pour chaque exigence, sélectionner la cotation (A / B / C / D / NA) dans la colonne « Cotation ».
B31: 3. | C31: Indiquer dans « Preuves » les éléments documentaires existants (procédures, comptes-rendus, indicateurs).
B32: 4. | C32: Indiquer dans « Constats » l'analyse de la situation (forces, écarts, contexte).
B33: 5. | C33: Pour toute cotation C ou D, formaliser une « Action à mener » avec « Responsable », « Échéance » et « Statut ».
B34: 6. | C34: Consulter l'onglet « Tableau de bord » pour suivre l'avancement global et par axe (calculs automatiques).
B35: 7. | C35: Consulter l'onglet « Plan d'action » pour la vue consolidée des actions à mener (filtres automatiques).
B37: Référentiel unifié — 75 exigences réparties en 10 axes thématiques.

Sheet Grille d'évaluation
A1: GRILLE D'AUTO-ÉVALUATION — Référentiel unifié SAP
A2: HAS (national obligatoire) + AFNOR NF X50-056 / NF 311 + Cap'Handéo SAP V3
A3: N° | B3: Axe | C3: Exigence | D3: Sources | E3: Niv. | F3: Cotation | G3: Score | H3: Preuves / Documents | I3: Constats | J3: Action à mener | K3: Responsable | L3: Échéance | M3: Statut
A4: 1.1 | B4: Axe 1 | C4: La personne accompagnée exprime sa perception de la bientraitance ; un dispositif d'écoute est en place. | D4: HAS / Cap'H. | E4: S | G4: =IF(F4="A",4,IF(F4="B",3,IF(F4="C",2,IF(F4="D",1,""))))
A5: 1.2 | B5: Axe 1 | C5: La structure définit, formalise et déploie une stratégie de bientraitance partagée par l'ensemble des acteurs. | D5: HAS | E5: S | G5: =IF(F5="A",4,IF(F5="B",3,IF(F5="C",2,IF(F5="D",1,""))))
A6: 1.3 | B6: Axe 1 | C6: Les professionnels sont régulièrement sensibilisés et/ou formés à la bientraitance. | D6: HAS / AFNOR / Cap'H. | E6: S | G6: =IF(F6="A",4,IF(F6="B",3,IF(F6="C",2,IF(F6="D",1,""))))
A7: 1.4 | B7: Axe 1 | C7: La personne est informée de ses droits et devoirs (livret d'accueil, règlement de fonctionnement, charte) de façon claire et adaptée. | D7: HAS / AFNOR | E7: S | G7: =IF(F7="A",4,IF(F7="B",3,IF(F7="C",2,IF(F7="D",1,""))))
A8: 1.5 | B8: Axe 1 | C8: La personne est systématiquement informée de la possibilité de désigner une personne de confiance. | D8: HAS | E8: I | G8: =IF(F8="A",4,IF(F8="B",3,IF(F8="C",2,IF(F8="D",1,""))))
A9: 1.6 | B9: Axe 1 | C9: Les professionnels respectent la dignité, l'intégrité, la vie privée et l'intimité de la personne accompagnée. | D9: HAS / AFNOR / Cap'H. | E9: I | G9: =IF(F9="A",4,IF(F9="B",3,IF(F9="C",2,IF(F9="D",1,""))))
A10: 1.7 | B10: Axe 1 | C10: Les professionnels respectent la liberté d'opinion, les croyances, la vie spirituelle, le droit à l'image et la liberté d'aller et venir. | D10: HAS | E10: S | G10: =IF(F10="A",4,IF(F10="B",3,IF(F10="C",2,IF(F10="D",1,""))))
A11: 1.8 | B11: Axe 1 | C11: L'ESSMS garantit la confidentialité et la protection des données (RGPD, sécurisation des accès, dossier individuel). | D11: HAS / AFNOR | E11: I | G11: =IF(F11="A",4,IF(F11="B",3,IF(F11="C",2,IF(F11="D",1,""))))
A12: 1.9 | B12: Axe 1 | C12: Les professionnels identifient en équipe les questionnements éthiques et associent la personne et son entourage. | D12: HAS | E12: S | G12: =IF(F12="A",4,IF(F12="B",3,IF(F12="C",2,IF(F12="D",1,""))))
A13: 1.10 | B13: Axe 1 | C13: L'ESSMS définit un plan de prévention et de gestion des risques de maltraitance et de violence ; les signalements sont traités. | D13: HAS | E13: I | G13: =IF(F13="A",4,IF(F13="B",3,IF(F13="C",2,IF(F13="D",1,""))))
A14: 1.11 | B14: Axe 1 | C14: La personne en situation de handicap ou de fragilité bénéficie d'un accompagnement supra-réglementaire respectant son autodétermination et son projet de vie. | D14: Cap'H. | E14: + | G14: =IF(F14="A",4,IF(F14="B",3,IF(F14="C",2,IF(F14="D",1,""))))
A15: 2.1 | B15: Axe 2 | C15: La personne participe aux instances collectives (CVS, groupes d'expression) ou à toute autre forme de participation. | D15: HAS / Cap'H. | E15: S | G15: =IF(F15="A",4,IF(F15="B",3,IF(F15="C",2,IF(F15="D",1,""))))
... A78: 10.5 | B78: Axe 10 | C78: La structure participe à la remontée d'observations terrain pour faire évoluer l'offre et le référentiel. | D78: Cap'H. | E78: + | G78: =IF(F78="A",4,IF(F78="B",3,IF(F78="C",2,IF(F78="D",1,""))))

Sheet Tableau de bord
B2: TABLEAU DE BORD
B3: Synthèse de l'auto-évaluation (calculs automatiques basés sur la grille)
B5: SYNTHÈSE GLOBALE
B7: Total des exigences | I7: =COUNTA('Grille d''évaluation'!$A$4:$A$78) -> 75
B8: Exigences évaluées | I8: =COUNTA('Grille d''évaluation'!$F$4:$F$78) -> 0
B9: Taux d'évaluation | I9: =IFERROR(COUNTA('Grille d''évaluation'!$F$4:$F$78)/COUNTA('Grille d''évaluation'!$A$4:$A$78),0) -> 0
B10: Score moyen (/ 4) | I10: =IFERROR(AVERAGE('Grille d''évaluation'!$G$4:$G$78),0) -> 0
B11: Taux de conformité (B + A) | I11: =IFERROR((COUNTIF('Grille d''évaluation'!$F$4:$F$78,"A")+COUNTIF('Grille d''évaluation'!$F$4:$F$78,"B"))/(COUNTA('Grille d''évaluation'!$F$4:$F$78)-COUNTIF('Grille d''évaluation'!$F$4:$F$78,"NA")),0) -> 0
B12: Taux d'écart (C + D) | I12: =IFERROR((COUNTIF('Grille d''évaluation'!$F$4:$F$78,"C")+COUNTIF('Grille d''évaluation'!$F$4:$F$78,"D"))/(COUNTA('Grille d''évaluation'!$F$4:$F$78)-COUNTIF('Grille d''évaluation'!$F$4:$F$78,"NA")),0) -> 0
B15: RÉPARTITION DES COTATIONS
B16: Code | C16: Libellé | H16: Nombre | J16: % du total
B17: A | C17: Atteint à un niveau avancé | H17: =COUNTIF('Grille d''évaluation'!$F$4:$F$78,"A") -> 0 | J17: =IFERROR(COUNTIF('Grille d''évaluation'!$F$4:$F$78,"A")/I7,0) -> 0
B18: B | C18: Atteint | H18: =COUNTIF('Grille d''évaluation'!$F$4:$F$78,"B") -> 0 | J18: =IFERROR(COUNTIF('Grille d''évaluation'!$F$4:$F$78,"B")/I7,0) -> 0
B19: C | C19: Partiellement atteint | H19: =COUNTIF('Grille d''évaluation'!$F$4:$F$78,"C") -> 0 | J19: =IFERROR(COUNTIF('Grille d''évaluation'!$F$4:$F$78,"C")/I7,0) -> 0
B20: D | C20: Non atteint | H20: =COUNTIF('Grille d''évaluation'!$F$4:$F$78,"D") -> 0 | J20: =IFERROR(COUNTIF('Grille d''évaluation'!$F$4:$F$78,"D")/I7,0) -> 0
B21: NA | C21: Non applicable | H21: =COUNTIF('Grille d''évaluation'!$F$4:$F$78,"NA") -> 0 | J21: =IFERROR(COUNTIF('Grille d''évaluation'!$F$4:$F$78,"NA")/I7,0) -> 0
B24: SYNTHÈSE PAR AXE THÉMATIQUE
B25: Axe | C25: Intitulé | D25: Nb exig. | E25: Évaluées | F25: A | G25: B | H25: C | I25: D | J25: Score moy. | K25: Conformité
B26: 1 | C26: DROITS, BIENTRAITANCE ET ÉTHIQUE | D26: 11 | E26: =SUMPRODUCT(('Grille d''évaluation'!$B$4:$B$78="Axe 1")*('Grille d''évaluation'!$F$4:$F$78<>"")) -> 0 | F26: =SUMPRODUCT(('Grille d''évaluation'!$B$4:$B$78="Axe 1")*('Grille d''évaluation'!$F$4:$F$78="A")) -> 0 | G26: =SUMPRODUCT(('Grille d''évaluation'!$B$4:$B$78="Axe 1")*('Grille d''évaluation'!$F$4:$F$78="B")) -> 0 | H26: =SUMPRODUCT(('Grille d''évaluation'!$B$4:$B$78="Axe 1")*('Grille d''évaluation'!$F$4:$F$78="C")) -> 0 | I26: =SUMPRODUCT(('Grille d''évaluation'!$B$4:$B$78="Axe 1")*('Grille d''évaluation'!$F$4:$F$78="D")) -> 0 | J26: =IFERROR(SUMPRODUCT(('Grille d''évaluation'!$B$4:$B$78="Axe 1")*('Grille d''évaluation'!$G$4:$G$78<>""), IFERROR('Grille d''évaluation'!$G$4:$G$78,0))/SUMPRODUCT(('Grille d''évaluation'!$B$4:$B$78="Axe 1")*('Grille d''évaluation'!$G$4:$G$78<>"")),"") | K26: =IFERROR((SUMPRODUCT(('Grille d''évaluation'!$B$4:$B$78="Axe 1")*('Grille d''évaluation'!$F$4:$F$78="A"))+SUMPRODUCT(('Grille d''évaluation'!$B$4:$B$78="Axe 1")*('Grille d''évaluation'!$F$4:$F$78="B")))/(SUMPRODUCT(('Grille d''évaluation'!$B$4:$B$78="Axe 1")*('Grille d''évaluation'!$F$4:$F$78<>""))-SUMPRODUCT(('Grille d''évaluation'!$B$4:$B$78="Axe 1")*('Grille d''évaluation'!$F$4:$F$78="NA"))),"")
B27: 2 | C27: EXPRESSION, PARTICIPATION ET CITOYENNETÉ | D27: 8 | E27: =SUMPRODUCT(('Grille d''évaluation'!$B$4:$B$78="Axe 2")*('Grille d''évaluation'!$F$4:$F$78<>"")) -> 0 | F27: =SUMPRODUCT(('Grille d''évaluation'!$B$4:$B$78="Axe 2")*('Grille d''évaluation'!$F$4:$F$78="A")) -> 0 | G27: =SUMPRODUCT(('Grille d''évaluation'!$B$4:$B$78="Axe 2")*('Grille d''évaluation'!$F$4:$F$78="B")) -> 0 | H27: =SUMPRODUCT(('Grille d''évaluation'!$B$4:$B$78="Axe 2")*('Grille d''évaluation'!$F$4:$F$78="C")) -> 0 | I27: =SUMPRODUCT(('Grille d''évaluation'!$B$4:$B$78="Axe 2")*('Grille d''évaluation'!$F$4:$F$78="D")) -> 0 | J27: =IFERROR(SUMPRODUCT(('Grille d''évaluation'!$B$4:$B$78="Axe 2")*('Grille d''évaluation'!$G$4:$G$78<>""), IFERROR('Grille d''évaluation'!$G$4:$G$78,0))/SUMPRODUCT(('Grille d''évaluation'!$B$4:$B$78="Axe 2")*('Grille d''évaluation'!$G$4:$G$78<>"")),"") | K27: =IFERROR((SUMPRODUCT(('Grille d''évaluation'!$B$4:$B$78="Axe 2")*('Grille d''évaluation'!$F$4:$F$78="A"))+SUMPRODUCT(('Grille d''évaluation'!$B$4:$B$78="Axe 2")*('Grille d''évaluation'!$F$4:$F$78="B")))/(SUMPRODUCT(('Grille d''évaluation'!$B$4:$B$78="Axe 2")*('Grille d''évaluation'!$F$4:$F$78<>""))-SUMPRODUCT(('Grille d''évaluation'!$B$4:$B$78="Axe 2")*('Grille d''évaluation'!$F$4:$F$78="NA"))),"")
B28: 3 | C28: COCONSTRUCTION ET PERSONNALISATION DU PROJET | D28: 7 | E28: =SUMPRODUCT(('Grille d''évaluation'!$B$4:$B$78="Axe 3")*('Grille d''évaluation'!$F$4:$F$78<>"")) -> 0 | F28: =SUMPRODUCT(('Grille d''évaluation'!$B$4:$B$78="Axe 3")*('Grille d''évaluation'!$F$4:$F$78="A")) -> 0 | G28: =SUMPRODUCT(('Grille d''évaluation'!$B$4:$B$78="Axe 3")*('Grille d''évaluation'!$F$4:$F$78="B")) -> 0 | H28: =SUMPRODUCT(('Grille d''évaluation'!$B$4:$B$78="Axe 3")*('Grille d''évaluation'!$F$4:$F$78="C")) -> 0 | I28: =SUMPRODUCT(('Grille d''évaluation'!$B$4:$B$78="Axe 3")*('Grille d''évaluation'!$F$4:$F$78="D")) -> 0 | J28: =IFERROR(SUMPRODUCT(('Grille d''évaluation'!$B$4:$B$78="Axe 3")*('Grille d''évaluation'!$G$4:$G$78<>""), IFERROR('Grille d''évaluation'!$G$4:$G$78,0))/SUMPRODUCT(('Grille d''évaluation'!$B$4:$B$78="Axe 3")*('Grille d''évaluation'!$G$4:$G$78<>"")),"") | K28: =IFERROR((SUMPRODUCT(('Grille d''évaluation'!$B$4:$B$78="Axe 3")*('Grille d''évaluation'!$F$4:$F$78="A"))+SUMPRODUCT(('Grille d''évaluation'!$B$4:$B$78="Axe 3")*('Grille d''évaluation'!$F$4:$F$78="B")))/(SUMPRODUCT(('Grille d''évaluation'!$B$4:$B$78="Axe 3")*('Grille d''évaluation'!$F$4:$F$78<>""))-SUMPRODUCT(('Grille d''évaluation'!$B$4:$B$78="Axe 3")*('Grille d''évaluation'!$F$4:$F$78="NA"))),"")
B29: 4 | C29: ACCOMPAGNEMENT À L'AUTONOMIE | D29: 5 | E29: =SUMPRODUCT(('Grille d''évaluation'!$B$4:$B$78="Axe 4")*('Grille d''évaluation'!$F$4:$F$78<>"")) -> 0 | F29: =SUMPRODUCT(('Grille d''évaluation'!$B$4:$B$78="Axe 4")*('Grille d''évaluation'!$F$4:$F$78="A")) -> 0 | G29: =SUMPRODUCT(('Grille d''évaluation'!$B$4:$B$78="Axe 4")*('Grille d''évaluation'!$F$4:$F$78="B")) -> 0 | H29: =SUMPRODUCT(('Grille d''évaluation'!$B$4:$B$78="Axe 4")*('Grille d''évaluation'!$F$4:$F$78="C")) -> 0 | I29: =SUMPRODUCT(('Grille d''évaluation'!$B$4:$B$78="Axe 4")*('Grille d''évaluation'!$F$4:$F$78="D")) -> 0 | J29: =IFERROR(SUMPRODUCT(('Grille d''évaluation'!$B$4:$B$78="Axe 4")*('Grille d''évaluation'!$G$4:$G$78<>""), IFERROR('Grille d''évaluation'!$G$4:$G$78,0))/SUMPRODUCT(('Grille d''évaluation'!$B$4:$B$78="Axe 4")*('Grille d''évaluation'!$G$4:$G$78<>"")),"") | K29: =IFERROR((SUMPRODUCT(('Grille d''évaluation'!$B$4:$B$78="Axe 4")*('Grille d''évaluation'!$F$4:$F$78="A"))+SUMPRODUCT(('Grille d''évaluation'!$B$4:$B$78="Axe 4")*('Grille d''évaluation'!$F$4:$F$78="B")))/(SUMPRODUCT(('Grille d''évaluation'!$B$4:$B$78="Axe 4")*('Grille d''évaluation'!$F$4:$F$78<>""))-SUMPRODUCT(('Grille d''évaluation'!$B$4:$B$78="Axe 4")*('Grille d''évaluation'!$F$4:$F$78="NA"))),"")
B30: 5 | C30: ACCOMPAGNEMENT À LA SANTÉ | D30: 9 | E30: =SUMPRODUCT(('Grille d''évaluation'!$B$4:$B$78="Axe 5")*('Grille d''évaluation'!$F$4:$F$78<>"")) -> 0 | F30: =SUMPRODUCT(('Grille d''évaluation'!$B$4:$B$78="Axe 5")*('Grille d''évaluation'!$F$4:$F$78="A")) -> 0 | G30: =SUMPRODUCT(('Grille d''évaluation'!$B$4:$B$78="Axe 5")*('Grille d''évaluation'!$F$4:$F$78="B")) -> 0 | H30: =SUMPRODUCT(('Grille d''évaluation'!$B$4:$B$78="Axe 5")*('Grille d''évaluation'!$F$4:$F$78="C")) -> 0 | I30: =SUMPRODUCT(('Grille d''évaluation'!$B$4:$B$78="Axe 5")*('Grille d''évaluation'!$F$4:$F$78="D")) -> 0 | J30: =IFERROR(SUMPRODUCT(('Grille d''évaluation'!$B$4:$B$78="Axe 5")*('Grille d''évaluation'!$G$4:$G$78<>""), IFERROR('Grille d''évaluation'!$G$4:$G$78,0))/SUMPRODUCT(('Grille d''évaluation'!$B$4:$B$78="Axe 5")*('Grille d''évaluation'!$G$4:$G$78<>"")),"") | K30: =IFERROR((SUMPRODUCT(('Grille d''évaluation'!$B$4:$B$78="Axe 5")*('Grille d''évaluation'!$F$4:$F$78="A"))+SUMPRODUCT(('Grille d''évaluation'!$B$4:$B$78="Axe 5")*('Grille d''évaluation'!$F$4:$F$78="B")))/(SUMPRODUCT(('Grille d''évaluation'!$B$4:$B$78="Axe 5")*('Grille d''évaluation'!$F$4:$F$78<>""))-SUMPRODUCT(('Grille d''évaluation'!$B$4:$B$78="Axe 5")*('Grille d''évaluation'!$F$4:$F$78="NA"))),"")
B31: 6 | C31: CONTINUITÉ ET FLUIDITÉ DES PARCOURS | D31: 5 | E31: =SUMPRODUCT(('Grille d''évaluation'!$B$4:$B$78="Axe 6")*('Grille d''évaluation'!$F$4:$F$78<>"")) -> 0 | F31: =SUMPRODUCT(('Grille d''évaluation'!$B$4:$B$78="Axe 6")*('Grille d''évaluation'!$F$4:$F$78="A")) -> 0 | G31: =SUMPRODUCT(('Grille d''évaluation'!$B$4:$B$78="Axe 6")*('Grille d''évaluation'!$F$4:$F$78="B")) -> 0 | H31: =SUMPRODUCT(('Grille d''évaluation'!$B$4:$B$78="Axe 6")*('Grille d''évaluation'!$F$4:$F$78="C")) -> 0 | I31: =SUMPRODUCT(('Grille d''évaluation'!$B$4:$B$78="Axe 6")*('Grille d''évaluation'!$F$4:$F$78="D")) -> 0 | J31: =IFERROR(SUMPRODUCT(('Grille d''évaluation'!$B$4:$B$78="Axe 6")*('Grille d''évaluation'!$G$4:$G$78<>""), IFERROR('Grille d''évaluation'!$G$4:$G$78,0))/SUMPRODUCT(('Grille d''évaluation'!$B$4:$B$78="Axe 6")*('Grille d''évaluation'!$G$4:$G$78<>"")),"") | K31: =IFERROR((SUMPRODUCT(('Grille d''évaluation'!$B$4:$B$78="Axe 6")*('Grille d''évaluation'!$F$4:$F$78="A"))+SUMPRODUCT(('Grille d''évaluation'!$B$4:$B$78="Axe 6")*('Grille d''évaluation'!$F$4:$F$78="B")))/(SUMPRODUCT(('Grille d''évaluation'!$B$4:$B$78="Axe 6")*('Grille d''évaluation'!$F$4:$F$78<>""))-SUMPRODUCT(('Grille d''évaluation'!$B$4:$B$78="Axe 6")*('Grille d''évaluation'!$F$4:$F$78="NA"))),"")
B32: 7 | C32: RELATION CLIENT ET PRESTATION À DOMICILE | D32: 8 | E32: =SUMPRODUCT(('Grille d''évaluation'!$B$4:$B$78="Axe 7")*('Grille d''évaluation'!$F$4:$F$78<>"")) -> 0 | F32: =SUMPRODUCT(('Grille d''évaluation'!$B$4:$B$78="Axe 7")*('Grille d''évaluation'!$F$4:$F$78="A")) -> 0 | G32: =SUMPRODUCT(('Grille d''évaluation'!$B$4:$B$78="Axe 7")*('Grille d''évaluation'!$F$4:$F$78="B")) -> 0 | H32: =SUMPRODUCT(('Grille d''évaluation'!$B$4:$B$78="Axe 7")*('Grille d''évaluation'!$F$4:$F$78="C")) -> 0 | I32: =SUMPRODUCT(('Grille d''évaluation'!$B$4:$B$78="Axe 7")*('Grille d''évaluation'!$F$4:$F$78="D")) -> 0 | J32: =IFERROR(SUMPRODUCT(('Grille d''évaluation'!$B$4:$B$78="Axe 7")*('Grille d''évaluation'!$G$4:$G$78<>""), IFERROR('Grille d''évaluation'!$G$4:$G$78,0))/SUMPRODUCT(('Grille d''évaluation'!$B$4:$B$78="Axe 7")*('Grille d''évaluation'!$G$4:$G$78<>"")),"") | K32: =IFERROR((SUMPRODUCT(('Grille d''évaluation'!$B$4:$B$78="Axe 7")*('Grille d''évaluation'!$F$4:$F$78="A"))+SUMPRODUCT(('Grille d''évaluation'!$B$4:$B$78="Axe 7")*('Grille d''évaluation'!$F$4:$F$78="B")))/(SUMPRODUCT(('Grille d''évaluation'!$B$4:$B$78="Axe 7")*('Grille d''évaluation'!$F$4:$F$78<>""))-SUMPRODUCT(('Grille d''évaluation'!$B$4:$B$78="Axe 7")*('Grille d''évaluation'!$F$4:$F$78="NA"))),"")
B33: 8 | C33: POLITIQUE RH, COMPÉTENCES ET QVCT | D33: 9 | E33: =SUMPRODUCT(('Grille d''évaluation'!$B$4:$B$78="Axe 8")*('Grille d''évaluation'!$F$4:$F$78<>"")) -> 0 | F33: =SUMPRODUCT(('Grille d''évaluation'!$B$4:$B$78="Axe 8")*('Grille d''évaluation'!$F$4:$F$78="A")) -> 0 | G33: =SUMPRODUCT(('Grille d''évaluation'!$B$4:$B$78="Axe 8")*('Grille d''évaluation'!$F$4:$F$78="B")) -> 0 | H33: =SUMPRODUCT(('Grille d''évaluation'!$B$4:$B$78="Axe 8")*('Grille d''évaluation'!$F$4:$F$78="C")) -> 0 | I33: =SUMPRODUCT(('Grille d''évaluation'!$B$4:$B$78="Axe 8")*('Grille d''évaluation'!$F$4:$F$78="D")) -> 0 | J33: =IFERROR(SUMPRODUCT(('Grille d''évaluation'!$B$4:$B$78="Axe 8")*('Grille d''évaluation'!$G$4:$G$78<>""), IFERROR('Grille d''évaluation'!$G$4:$G$78,0))/SUMPRODUCT(('Grille d''évaluation'!$B$4:$B$78="Axe 8")*('Grille d''évaluation'!$G$4:$G$78<>"")),"") | K33: =IFERROR((SUMPRODUCT(('Grille d''évaluation'!$B$4:$B$78="Axe 8")*('Grille d''évaluation'!$F$4:$F$78="A"))+SUMPRODUCT(('Grille d''évaluation'!$B$4:$B$78="Axe 8")*('Grille d''évaluation'!$F$4:$F$78="B")))/(SUMPRODUCT(('Grille d''évaluation'!$B$4:$B$78="Axe 8")*('Grille d''évaluation'!$F$4:$F$78<>""))-SUMPRODUCT(('Grille d''évaluation'!$B$4:$B$78="Axe 8")*('Grille d''évaluation'!$F$4:$F$78="NA"))),"")
B34: 9 | C34: DÉMARCHE QUALITÉ ET GESTION DES RISQUES | D34: 8 | E34: =SUMPRODUCT(('Grille d''évaluation'!$B$4:$B$78="Axe 9")*('Grille d''évaluation'!$F$4:$F$78<>"")) -> 0 | F34: =SUMPRODUCT(('Grille d''évaluation'!$B$4:$B$78="Axe 9")*('Grille d''évaluation'!$F$4:$F$78="A")) -> 0 | G34: =SUMPRODUCT(('Grille d''évaluation'!$B$4:$B$78="Axe 9")*('Grille d''évaluation'!$F$4:$F$78="B")) -> 0 | H34: =SUMPRODUCT(('Grille d''évaluation'!$B$4:$B$78="Axe 9")*('Grille d''évaluation'!$F$4:$F$78="C")) -> 0 | I34: =SUMPRODUCT(('Grille d''évaluation'!$B$4:$B$78="Axe 9")*('Grille d''évaluation'!$F$4:$F$78="D")) -> 0 | J34: =IFERROR(SUMPRODUCT(('Grille d''évaluation'!$B$4:$B$78="Axe 9")*('Grille d''évaluation'!$G$4:$G$78<>""), IFERROR('Grille d''évaluation'!$G$4:$G$78,0))/SUMPRODUCT(('Grille d''évaluation'!$B$4:$B$78="Axe 9")*('Grille d''évaluation'!$G$4:$G$78<>"")),"") | K34: =IFERROR((SUMPRODUCT(('Grille d''évaluation'!$B$4:$B$78="Axe 9")*('Grille d''évaluation'!$F$4:$F$78="A"))+SUMPRODUCT(('Grille d''évaluation'!$B$4:$B$78="Axe 9")*('Grille d''évaluation'!$F$4:$F$78="B")))/(SUMPRODUCT(('Grille d''évaluation'!$B$4:$B$78="Axe 9")*('Grille d''évaluation'!$F$4:$F$78<>""))-SUMPRODUCT(('Grille d''évaluation'!$B$4:$B$78="Axe 9")*('Grille d''évaluation'!$F$4:$F$78="NA"))),"")
B35: 10 | C35: SPÉCIFICITÉS HANDICAP ET LIEN AVEC LES ACTEURS | D35: 5 | E35: =SUMPRODUCT(('Grille d''évaluation'!$B$4:$B$78="Axe 10")*('Grille d''évaluation'!$F$4:$F$78<>"")) -> 0 | F35: =SUMPRODUCT(('Grille d''évaluation'!$B$4:$B$78="Axe 10")*('Grille d''évaluation'!$F$4:$F$78="A")) -> 0 | G35: =SUMPRODUCT(('Grille d''évaluation'!$B$4:$B$78="Axe 10")*('Grille d''évaluation'!$F$4:$F$78="B")) -> 0 | H35: =SUMPRODUCT(('Grille d''évaluation'!$B$4:$B$78="Axe 10")*('Grille d''évaluation'!$F$4:$F$78="C")) -> 0 | I35: =SUMPRODUCT(('Grille d''évaluation'!$B$4:$B$78="Axe 10")*('Grille d''évaluation'!$F$4:$F$78="D")) -> 0 | J35: =IFERROR(SUMPRODUCT(('Grille d''évaluation'!$B$4:$B$78="Axe 10")*('Grille d''évaluation'!$G$4:$G$78<>""), IFERROR('Grille d''évaluation'!$G$4:$G$78,0))/SUMPRODUCT(('Grille d''évaluation'!$B$4:$B$78="Axe 10")*('Grille d''évaluation'!$G$4:$G$78<>"")),"") | K35: =IFERROR((SUMPRODUCT(('Grille d''évaluation'!$B$4:$B$78="Axe 10")*('Grille d''évaluation'!$F$4:$F$78="A"))+SUMPRODUCT(('Grille d''évaluation'!$B$4:$B$78="Axe 10")*('Grille d''évaluation'!$F$4:$F$78="B")))/(SUMPRODUCT(('Grille d''évaluation'!$B$4:$B$78="Axe 10")*('Grille d''évaluation'!$F$4:$F$78<>""))-SUMPRODUCT(('Grille d''évaluation'!$B$4:$B$78="Axe 10")*('Grille d''évaluation'!$F$4:$F$78="NA"))),"")
B37: ⚠ FOCUS : EXIGENCES IMPÉRATIVES HAS (priorité absolue)
B38: Nombre d'exigences impératives | I38: =COUNTIF('Grille d''évaluation'!$E$4:$E$78,"I") -> 19
B39: Impératives évaluées | I39: =SUMPRODUCT(('Grille d''évaluation'!$E$4:$E$78="I")*('Grille d''évaluation'!$F$4:$F$78<>"")) -> 0
B40: Impératives en non-conformité (D) | I40: =SUMPRODUCT(('Grille d''évaluation'!$E$4:$E$78="I")*('Grille d''évaluation'!$F$4:$F$78="D")) -> 0
B41: Impératives partiellement (C) | I41: =SUMPRODUCT(('Grille d''évaluation'!$E$4:$E$78="I")*('Grille d''évaluation'!$F$4:$F$78="C")) -> 0
B42: Impératives conformes (A + B) | I42: =SUMPRODUCT(('Grille d''évaluation'!$E$4:$E$78="I")*('Grille d''évaluation'!$F$4:$F$78="A"))+SUMPRODUCT(('Grille d''évaluation'!$E$4:$E$78="I")*('Grille d''évaluation'!$F$4:$F$78="B")) -> 0
B43: Taux de conformité des impératives | I43: =IFERROR((SUMPRODUCT(('Grille d''évaluation'!$E$4:$E$78="I")*('Grille d''évaluation'!$F$4:$F$78="A"))+SUMPRODUCT(('Grille d''évaluation'!$E$4:$E$78="I")*('Grille d''évaluation'!$F$4:$F$78="B")))/(SUMPRODUCT(('Grille d''évaluation'!$E$4:$E$78="I")*('Grille d''évaluation'!$F$4:$F$78<>""))-SUMPRODUCT(('Grille d''évaluation'!$E$4:$E$78="I")*('Grille d''évaluation'!$F$4:$F$78="NA"))),0) -> 0

Sheet Plan d'action
A1: PLAN D'ACTION — Vue consolidée
A2: Cette vue reprend automatiquement les éléments de la grille. Utilisez les filtres pour cibler les exigences à priorité élevée (Cotation D ou C, Niveau Impératif).
A3: N° | B3: Axe | C3: Exigence | D3: Cotation | E3: Niv. | F3: Action à mener | G3: Constats | H3: Responsable | I3: Échéance | J3: Statut | K3: Priorité (auto)
A4: ='Grille d''évaluation'!A4 -> 1.1 | B4: ='Grille d''évaluation'!B4 -> Axe 1 | C4: ='Grille d''évaluation'!C4 -> La personne accompagnée exprime sa perception de la bientraitance ; un dispositif d'écoute est en place. | D4: ='Grille d''évaluation'!F4 -> 0 | E4: ='Grille d''évaluation'!E4 -> S | F4: ='Grille d''évaluation'!J4 -> 0 | G4: ='Grille d''évaluation'!I4 -> 0 | H4: ='Grille d''évaluation'!K4 -> 0 | I4: ='Grille d''évaluation'!L4 -> 0 | J4: ='Grille d''évaluation'!M4 -> 0 | K4: =IF(AND('Grille d''évaluation'!E4="I",OR('Grille d''évaluation'!F4="C",'Grille d''évaluation'!F4="D")),"🔴 CRITIQUE",IF('Grille d''évaluation'!F4="D","🟠 ÉLEVÉE",IF('Grille d''évaluation'!F4="C","🟡 MOYENNE",IF(OR('Grille d''évaluation'!F4="A",'Grille d''évaluation'!F4="B"),"✓ Conforme",""))))
A5: ='Grille d''évaluation'!A5 -> 1.2 | B5: ='Grille d''évaluation'!B5 -> Axe 1 | C5: ='Grille d''évaluation'!C5 -> La structure définit, formalise et déploie une stratégie de bientraitance partagée par l'ensemble des acteurs. | D5: ='Grille d''évaluation'!F5 -> 0 | E5: ='Grille d''évaluation'!E5 -> S | F5: ='Grille d''évaluation'!J5 -> 0 | G5: ='Grille d''évaluation'!I5 -> 0 | H5: ='Grille d''évaluation'!K5 -> 0 | I5: ='Grille d''évaluation'!L5 -> 0 | J5: ='Grille d''évaluation'!M5 -> 0 | K5: =IF(AND('Grille d''évaluation'!E5="I",OR('Grille d''évaluation'!F5="C",'Grille d''évaluation'!F5="D")),"🔴 CRITIQUE",IF('Grille d''évaluation'!F5="D","🟠 ÉLEVÉE",IF('Grille d''évaluation'!F5="C","🟡 MOYENNE",IF(OR('Grille d''évaluation'!F5="A",'Grille d''évaluation'!F5="B"),"✓ Conforme",""))))
A6: ='Grille d''évaluation'!A6 -> 1.3 | B6: ='Grille d''évaluation'!B6 -> Axe 1 | C6: ='Grille d''évaluation'!C6 -> Les professionnels sont régulièrement sensibilisés et/ou formés à la bientraitance. | D6: ='Grille d''évaluation'!F6 -> 0 | E6: ='Grille d''évaluation'!E6 -> S | F6: ='Grille d''évaluation'!J6 -> 0 | G6: ='Grille d''évaluation'!I6 -> 0 | H6: ='Grille d''évaluation'!K6 -> 0 | I6: ='Grille d''évaluation'!L6 -> 0 | J6: ='Grille d''évaluation'!M6 -> 0 | K6: =IF(AND('Grille d''évaluation'!E6="I",OR('Grille d''évaluation'!F6="C",'Grille d''évaluation'!F6="D")),"🔴 CRITIQUE",IF('Grille d''évaluation'!F6="D","🟠 ÉLEVÉE",IF('Grille d''évaluation'!F6="C","🟡 MOYENNE",IF(OR('Grille d''évaluation'!F6="A",'Grille d''évaluation'!F6="B"),"✓ Conforme",""))))
A7: ='Grille d''évaluation'!A7 -> 1.4 | B7: ='Grille d''évaluation'!B7 -> Axe 1 | C7: ='Grille d''évaluation'!C7 -> La personne est informée de ses droits et devoirs (livret d'accueil, règlement de fonctionnement, charte) de façon claire et adaptée. | D7: ='Grille d''évaluation'!F7 -> 0 | E7: ='Grille d''évaluation'!E7 -> S | F7: ='Grille d''évaluation'!J7 -> 0 | G7: ='Grille d''évaluation'!I7 -> 0 | H7: ='Grille d''évaluation'!K7 -> 0 | I7: ='Grille d''évaluation'!L7 -> 0 | J7: ='Grille d''évaluation'!M7 -> 0 | K7: =IF(AND('Grille d''évaluation'!E7="I",OR('Grille d''évaluation'!F7="C",'Grille d''évaluation'!F7="D")),"🔴 CRITIQUE",IF('Grille d''évaluation'!F7="D","🟠 ÉLEVÉE",IF('Grille d''évaluation'!F7="C","🟡 MOYENNE",IF(OR('Grille d''évaluation'!F7="A",'Grille d''évaluation'!F7="B"),"✓ Conforme",""))))
A8: ='Grille d''évaluation'!A8 -> 1.5 | B8: ='Grille d''évaluation'!B8 -> Axe 1 | C8: ='Grille d''évaluation'!C8 -> La personne est systématiquement informée de la possibilité de désigner une personne de confiance. | D8: ='Grille d''évaluation'!F8 -> 0 | E8: ='Grille d''évaluation'!E8 -> I | F8: ='Grille d''évaluation'!J8 -> 0 | G8: ='Grille d''évaluation'!I8 -> 0 | H8: ='Grille d''évaluation'!K8 -> 0 | I8: ='Grille d''évaluation'!L8 -> 0 | J8: ='Grille d''évaluation'!M8 -> 0 | K8: =IF(AND('Grille d''évaluation'!E8="I",OR('Grille d''évaluation'!F8="C",'Grille d''évaluation'!F8="D")),"🔴 CRITIQUE",IF('Grille d''évaluation'!F8="D","🟠 ÉLEVÉE",IF('Grille d''évaluation'!F8="C","🟡 MOYENNE",IF(OR('Grille d''évaluation'!F8="A",'Grille d''évaluation'!F8="B"),"✓ Conforme",""))))
A9: ='Grille d''évaluation'!A9 -> 1.6 | B9: ='Grille d''évaluation'!B9 -> Axe 1 | C9: ='Grille d''évaluation'!C9 -> Les professionnels respectent la dignité, l'intégrité, la vie privée et l'intimité de la personne accompagnée. | D9: ='Grille d''évaluation'!F9 -> 0 | E9: ='Grille d''évaluation'!E9 -> I | F9: ='Grille d''évaluation'!J9 -> 0 | G9: ='Grille d''évaluation'!I9 -> 0 | H9: ='Grille d''évaluation'!K9 -> 0 | I9: ='Grille d''évaluation'!L9 -> 0 | J9: ='Grille d''évaluation'!M9 -> 0 | K9: =IF(AND('Grille d''évaluation'!E9="I",OR('Grille d''évaluation'!F9="C",'Grille d''évaluation'!F9="D")),"🔴 CRITIQUE",IF('Grille d''évaluation'!F9="D","🟠 ÉLEVÉE",IF('Grille d''évaluation'!F9="C","🟡 MOYENNE",IF(OR('Grille d''évaluation'!F9="A",'Grille d''évaluation'!F9="B"),"✓ Conforme",""))))
A10: ='Grille d''évaluation'!A10 -> 1.7 | B10: ='Grille d''évaluation'!B10 -> Axe 1 | C10: ='Grille d''évaluation'!C10 -> Les professionnels respectent la liberté d'opinion, les croyances, la vie spirituelle, le droit à l'image et la liberté d'aller et venir. | D10: ='Grille d''évaluation'!F10 -> 0 | E10: ='Grille d''évaluation'!E10 -> S | F10: ='Grille d''évaluation'!J10 -> 0 | G10: ='Grille d''évaluation'!I10 -> 0 | H10: ='Grille d''évaluation'!K10 -> 0 | I10: ='Grille d''évaluation'!L10 -> 0 | J10: ='Grille d''évaluation'!M10 -> 0 | K10: =IF(AND('Grille d''évaluation'!E10="I",OR('Grille d''évaluation'!F10="C",'Grille d''évaluation'!F10="D")),"🔴 CRITIQUE",IF('Grille d''évaluation'!F10="D","🟠 ÉLEVÉE",IF('Grille d''évaluation'!F10="C","🟡 MOYENNE",IF(OR('Grille d''évaluation'!F10="A",'Grille d''évaluation'!F10="B"),"✓ Conforme",""))))
A11: ='Grille d''évaluation'!A11 -> 1.8 | B11: ='Grille d''évaluation'!B11 -> Axe 1 | C11: ='Grille d''évaluation'!C11 -> L'ESSMS garantit la confidentialité et la protection des données (RGPD, sécurisation des accès, dossier individuel). | D11: ='Grille d''évaluation'!F11 -> 0 | E11: ='Grille d''évaluation'!E11 -> I | F11: ='Grille d''évaluation'!J11 -> 0 | G11: ='Grille d''évaluation'!I11 -> 0 | H11: ='Grille d''évaluation'!K11 -> 0 | I11: ='Grille d''évaluation'!L11 -> 0 | J11: ='Grille d''évaluation'!M11 -> 0 | K11: =IF(AND('Grille d''évaluation'!E11="I",OR('Grille d''évaluation'!F11="C",'Grille d''évaluation'!F11="D")),"🔴 CRITIQUE",IF('Grille d''évaluation'!F11="D","🟠 ÉLEVÉE",IF('Grille d''évaluation'!F11="C","🟡 MOYENNE",IF(OR('Grille d''évaluation'!F11="A",'Grille d''évaluation'!F11="B"),"✓ Conforme",""))))
A12: ='Grille d''évaluation'!A12 -> 1.9 | B12: ='Grille d''évaluation'!B12 -> Axe 1 | C12: ='Grille d''évaluation'!C12 -> Les professionnels identifient en équipe les questionnements éthiques et associent la personne et son entourage. | D12: ='Grille d''évaluation'!F12 -> 0 | E12: ='Grille d''évaluation'!E12 -> S | F12: ='Grille d''évaluation'!J12 -> 0 | G12: ='Grille d''évaluation'!I12 -> 0 | H12: ='Grille d''évaluation'!K12 -> 0 | I12: ='Grille d''évaluation'!L12 -> 0 | J12: ='Grille d''évaluation'!M12 -> 0 | K12: =IF(AND('Grille d''évaluation'!E12="I",OR('Grille d''évaluation'!F12="C",'Grille d''évaluation'!F12="D")),"🔴 CRITIQUE",IF('Grille d''évaluation'!F12="D","🟠 ÉLEVÉE",IF('Grille d''évaluation'!F12="C","🟡 MOYENNE",IF(OR('Grille d''évaluation'!F12="A",'Grille d''évaluation'!F12="B"),"✓ Conforme",""))))
A13: ='Grille d''évaluation'!A13 -> 1.10 | B13: ='Grille d''évaluation'!B13 -> Axe 1 | C13: ='Grille d''évaluation'!C13 -> L'ESSMS définit un plan de prévention et de gestion des risques de maltraitance et de violence ; les signalements sont traités. | D13: ='Grille d''évaluation'!F13 -> 0 | E13: ='Grille d''évaluation'!E13 -> I | F13: ='Grille d''évaluation'!J13 -> 0 | G13: ='Grille d''évaluation'!I13 -> 0 | H13: ='Grille d''évaluation'!K13 -> 0 | I13: ='Grille d''évaluation'!L13 -> 0 | J13: ='Grille d''évaluation'!M13 -> 0 | K13: =IF(AND('Grille d''évaluation'!E13="I",OR('Grille d''évaluation'!F13="C",'Grille d''évaluation'!F13="D")),"🔴 CRITIQUE",IF('Grille d''évaluation'!F13="D","🟠 ÉLEVÉE",IF('Grille d''évaluation'!F13="C","🟡 MOYENNE",IF(OR('Grille d''évaluation'!F13="A",'Grille d''évaluation'!F13="B"),"✓ Conforme",""))))
A14: ='Grille d''évaluation'!A14 -> 1.11 | B14: ='Grille d''évaluation'!B14 -> Axe 1 | C14: ='Grille d''évaluation'!C14 -> La personne en situation de handicap ou de fragilité bénéficie d'un accompagnement supra-réglementaire respectant son autodétermination et son projet de vie. | D14: ='Grille d''évaluation'!F14 -> 0 | E14: ='Grille d''évaluation'!E14 -> + | F14: ='Grille d''évaluation'!J14 -> 0 | G14: ='Grille d''évaluation'!I14 -> 0 | H14: ='Grille d''évaluation'!K14 -> 0 | I14: ='Grille d''évaluation'!L14 -> 0 | J14: ='Grille d''évaluation'!M14 -> 0 | K14: =IF(AND('Grille d''évaluation'!E14="I",OR('Grille d''évaluation'!F14="C",'Grille d''évaluation'!F14="D")),"🔴 CRITIQUE",IF('Grille d''évaluation'!F14="D","🟠 ÉLEVÉE",IF('Grille d''évaluation'!F14="C","🟡 MOYENNE",IF(OR('Grille d''évaluation'!F14="A",'Grille d''évaluation'!F14="B"),"✓ Conforme",""))))
A15: ='Grille d''évaluation'!A15 -> 2.1 | B15: ='Grille d''évaluation'!B15 -> Axe 2 | C15: ='Grille d''évaluation'!C15 -> La personne participe aux instances collectives (CVS, groupes d'expression) ou à toute autre forme de participation. | D15: ='Grille d''évaluation'!F15 -> 0 | E15: ='Grille d''évaluation'!E15 -> S | F15: ='Grille d''évaluation'!J15 -> 0 | G15: ='Grille d''évaluation'!I15 -> 0 | H15: ='Grille d''évaluation'!K15 -> 0 | I15: ='Grille d''évaluation'!L15 -> 0 | J15: ='Grille d''évaluation'!M15 -> 0 | K15: =IF(AND('Grille d''évaluation'!E15="I",OR('Grille d''évaluation'!F15="C",'Grille d''évaluation'!F15="D")),"🔴 CRITIQUE",IF('Grille d''évaluation'!F15="D","🟠 ÉLEVÉE",IF('Grille d''évaluation'!F15="C","🟡 MOYENNE",IF(OR('Grille d''évaluation'!F15="A",'Grille d''évaluation'!F15="B"),"✓ Conforme",""))))
... A78: ='Grille d''évaluation'!A78 -> 10.5 | B78: ='Grille d''évaluation'!B78 -> Axe 10 | C78: ='Grille d''évaluation'!C78 -> La structure participe à la remontée d'observations terrain pour faire évoluer l'offre et le référentiel. | D78: ='Grille d''évaluation'!F78 -> 0 | E78: ='Grille d''évaluation'!E78 -> + | F78: ='Grille d''évaluation'!J78 -> 0 | G78: ='Grille d''évaluation'!I78 -> 0 | H78: ='Grille d''évaluation'!K78 -> 0 | I78: ='Grille d''évaluation'!L78 -> 0 | J78: ='Grille d''évaluation'!M78 -> 0 | K78: =IF(AND('Grille d''évaluation'!E78="I",OR('Grille d''évaluation'!F78="C",'Grille d''évaluation'!F78="D")),"🔴 CRITIQUE",IF('Grille d''évaluation'!F78="D","🟠 ÉLEVÉE",IF('Grille d''évaluation'!F78="C","🟡 MOYENNE",IF(OR('Grille d''évaluation'!F78="A",'Grille d''évaluation'!F78="B"),"✓ Conforme",""))))

Sheet Sources
B2: RÉFÉRENTIELS SOURCES
B4: Source | C4: Référence
B5: HAS | C5: Référentiel d'évaluation de la qualité des établissements et services sociaux et médico-sociaux — Mars 2022 (mises à jour annuelles). 3 chapitres, 9 thématiques, 42 objectifs, 157 critères (dont 18 impératifs).
B6: HAS | C6: Lien officiel — https://www.has-sante.fr/jcms/p_3324490/fr/evaluation-des-essms-referentiel-et-manuel
B7: AFNOR | C7: Norme NF X50-056 « Services aux personnes à domicile » — Document de référence (révision technique 2014). Norme payante, AFNOR.
B8: AFNOR | C8: Règles de certification NF 311 V10.1 — Cadre opérationnel de la certification NF Service « Services aux personnes à domicile ».
B9: AFNOR | C9: Arrêté ministériel — Arrêté NOR ECOI2035435A reconnaissant la conformité au cahier des charges de l'agrément (art. R. 7232-6 CT).
B10: AFNOR | C10: Page AFNOR Certification — https://certification.afnor.org/services/certification-nf-service-services-aux-personnes-a-domicile
B11: Cap'Handéo | C11: Référentiel Cap'Handéo Services à la personne V3 — En vigueur depuis le 15/08/2022. Accréditation COFRAC (ISO/CEI 17065, n° 5-0624).
B12: Cap'Handéo | C12: Arrêté du 6 novembre 2019 — Conformité du référentiel V2 à l'annexe 3-0 du CASF.
B13: Cap'Handéo | C13: Arrêté du 15 mai 2018 — Équivalence évaluation externe (article L. 312-8 CASF).
B14: Cap'Handéo | C14: Page Handéo Services — https://handeosolutions.fr/
B16: Note : la norme NF X50-056 étant un document payant et le référentiel Cap'Handéo V3 ayant une diffusion limitée, les exigences AFNOR et Cap'Handéo de cette grille sont synthétisées à partir des sources publiques officielles. Pour un usage en certification, se référer aux versions intégrales et à jour des trois référentiels.
